{
    "best_model": "et",
    "cv_score": 0.48904083221528355,
    "baseline_rmse": 0.6983523863241784,
    "holdout_log": {
        "MAE": 0.5659368239665418,
        "RMSE": 0.6596705091289444,
        "R2": 0.4499789721398595
    },
    "holdout_real": {
        "MAE": 6.027648158269145,
        "RMSE": 9.363982408541855,
        "R2": 0.027575540771046958
    },
    "seed": 42,
    "n_train": 20658,
    "n_test": 4320,
    "n_total": 24978
}