{
  "model": "et",
  "metrics": {
    "MAE": 0.614893552705202,
    "RMSE": 1.120446381010795,
    "R2": 0.8634043695180601,
    "SMAPE": 0.2513634546571215
  },
  "uncertainty": true
}