{
    "best_model": "rf",
    "cv_score": 0.5428531843008839,
    "cv_median": 0.5428531843008839,
    "baseline_rmse": 0.7553693586411944,
    "holdout_log": {
        "MAE": 0.220942171033682,
        "RMSE": 0.2828646255141856,
        "R2": 0.7694287422142485
    },
    "holdout_real": {
        "MAE": 1.5479433009940677,
        "RMSE": 3.1731297649429453,
        "R2": 0.5431620225757761
    },
    "seed": 42,
    "n_train": 23359,
    "n_test": 1619,
    "n_total": 24978
}