{
  "model": "et",
  "metrics": {
    "MAE": 0.6148935527052023,
    "RMSE": 1.1204463810107952,
    "R2": 0.86340436951806,
    "SMAPE": 0.25136345465712157
  },
  "uncertainty": true
}